"unit","mean","median","x90th.perc"
"4E",11.0958412880234,4.925,27.9854166666667
"4W",25.376031201161,18.8888888888889,58.78875
"6E",6.68263247248309,2.88819444444444,14.7831944444444
"6W",8.53617686682063,3.00416666666667,21.7904166666667
