"unit","mean","median","x90th.perc"
"4E",11.1618393061692,5,28
"4W",25.4346952444742,19,59
"6E",6.76173886701,3,15
"6W",8.62408953632972,3,22
